{
  "feature_names": [
    "fht",
    "npe",
    "nperatio4",
    "peak",
    "peaktime",
    "slope4"
  ],
  "mean": [
    346.5675035058616,
    740.1678471231392,
    0.024861735917119668,
    16.815766456169854,
    363.9860891082401,
    1.2261251589273767
  ],
  "std": [
    129.47086852079744,
    1167.0660518857221,
    0.01694398476489844,
    29.056245605262443,
    136.3005111454193,
    2.990545619793118
  ],
  "counts": [
    725903579,
    750200752,
    750200752,
    750200752,
    750183035,
    750200752
  ],
  "method": "per_channel_zscore_ignore_nan"
}